feature,importance
log_monthly_num_reviews,0.5723903705697316
price_missing_flag,0.11915264241593904
positive_review_percent,0.07899776182962955
months_since_release,0.062666389758023
is_free_to_play,0.06010109565403841
log_price,0.04286625926065163
weighted_review,0.029281408148060586
discount_percent,0.02231665185701256
positive_review_percent_missing_flag,0.006799116472421234
monthly_reviews_missing_flag,0.005428304034492378
